{"cameraMode":{"drawMode":0,"name":"Shaded","section":"Shading Mode"},"sceneLighting":true,"audioPlay":false,"sceneViewState":{"showFog":true,"showMaterialUpdate":false,"showSkybox":true,"showFlares":true,"showImageEffects":true,"showParticleSystems":true},"in2DMode":false,"pivot":{"x":-8.382412910461426,"y":1.9573099613189698,"z":-4.734376907348633},"rotation":{"x":0.02532208152115345,"y":0.7553818225860596,"z":0.029240472242236139,"w":-0.6541464924812317},"size":6.673889636993408,"orthographic":false}